trend,mean,sd,lower95,upper95
0.750643926543599,0.78337321574131,0.0413295583690412,0.697876510285935,0.868869921196686
0.790750101271954,0.851452553666647,0.0130985955504317,0.824356044295446,0.878549063037849
0.710948501592221,0.756764409424544,0.023676642872139,0.70778554195792,0.805743276891168
0.978561996448029,0.941086808962877,0.0306920971161686,0.877595368683795,1.00457824924196
0.598214154738958,0.684687589051367,0.0191178087059348,0.6451393885773,0.724235789525435
0.568306520778044,0.652079858542357,0.0382284224861874,0.572998341431991,0.731161375652723
0.972239845947736,0.927234727588338,0.0172707489996525,0.891507461232569,0.962961993944106
0.636319849261765,0.641170472411431,0.0318054049810737,0.575375979344873,0.706964965477989
