trend,mean,sd,lower95,upper95
0.877429388650897,0.995978789580927,0.031585024950535,0.930640187341727,1.06131739182013
0.525190034980914,0.994468793493762,0.00556449967642077,0.98295774888996,1.00597983809756
0.790114626008456,0.993703802123954,0.0127178056675646,0.967395016641916,1.02001258760599
0.905729086389652,0.992958211025044,0.0189210265848592,0.953817085383334,1.03209933666675
0.212999675056417,0.882870886481264,0.00870779712207096,0.864857435694707,0.900884337267821
0.213561827996996,0.807753663978003,0.0192770007440689,0.767876149682731,0.847631178273275
1.04429655506878,0.998223225752747,0.0113056729820192,0.974835659297584,1.02161079220791
0.200357251446554,0.879731691247766,0.017108939309696,0.844339153738565,0.915124228756966
