trend,mean,sd,lower95,upper95
0.00102521486227378,0.00124192009659669,0.00242808471524146,-0.00378095582832973,0.00626479602152311
0.00262806883039008,-0.000661236146604604,0.000934489929948757,-0.00259437585205306,0.00127190355884386
0.001874667008782,0.00117140188732805,0.00106586608206536,-0.00103351009502399,0.00337631386968009
-0.00120894647985475,0.000175173048395233,0.00270696472853826,-0.00542461013843138,0.00577495623522185
0.00612620968465647,0.011921585868838,0.00112389439715672,0.0095966331708524,0.0142465385668235
0.00639548787119241,0.0162116070998352,0.00184139474734591,0.0124023918419524,0.020020822357718
-0.00192561798029493,-0.000318525618325596,0.00155123018308283,-0.00352748974207162,0.00289043850542043
0.0058497575143519,0.00217936062438875,0.00184141314199888,-0.00162989268573289,0.00598861393451038
