trend,mean,sd,lower95,upper95
0.759922274539518,0.781205028661283,0.0536211018940102,0.670281328149184,0.892128729173382
0.794335561494252,0.849462389580293,0.0354578323420518,0.776112274856945,0.922812504303641
0.719504386655108,0.751847012014557,0.0468219430334031,0.654988443223901,0.848705580805214
0.985090643542863,0.974255328235325,0.0491057757738509,0.872672291465217,1.07583836500543
0.599918646514311,0.603248802232822,0.0385717809405812,0.523456994042672,0.683040610422971
0.570434179511198,0.584706310647572,0.0403723259381529,0.501189791345294,0.66822282994985
0.980876827091012,0.952249524966189,0.0445038520954516,0.86018629263597,1.04431275729641
0.637311269155143,0.630290993634279,0.0414614101539463,0.544521531980612,0.716060455287945
