trend,mean,sd,lower95,upper95
-0.0212448837669411,-0.0250760217270214,0.00589470056875553,-0.037270138919719,-0.0128819045343237
-0.0100684681729969,-0.0130015173039701,0.00199417379141145,-0.0171267800940716,-0.00887625451386858
-0.0205661866294968,-0.0284806824056949,0.00346560870382572,-0.0356498402255985,-0.0213115245857913
-0.0124023048625592,-0.00796393636234527,0.00444717544222981,-0.0171636196857827,0.00123574696109213
-0.00977443368617313,-0.00605421373469598,0.0028218882718081,-0.0118917343839241,-0.000216693085467902
-0.0110499152727461,-0.00155051697253212,0.00555227346936975,-0.0130362697400716,0.00993523579500739
-0.0164005420607416,-0.00905281401262648,0.00252918519571556,-0.0142848322159027,-0.0038207958093503
-0.00782813793800874,-0.0233533228787447,0.00461305256320646,-0.0328961491708849,-0.0138104965866046
