trend,mean,sd,lower95,upper95
-0.0207345391143719,-0.024188794594219,0.00681749055989207,-0.0382918483248998,-0.0100857408635383
-0.0088805382629527,-0.0138456154908309,0.00448519998202517,-0.0231239585678986,-0.00456727241376312
-0.0198808578236919,-0.0259509027810518,0.00549359727891767,-0.0373152746006622,-0.0145865309614413
-0.0119790933998261,-0.00794019840106959,0.00625663017417723,-0.0208830240264588,0.00500262722431959
-0.00795369686789477,-0.00884171473064979,0.00517383375730052,-0.0195446053077325,0.00186117584643291
-0.00922603850026243,-0.00508266034029155,0.00537879658760055,-0.0162095488361274,0.00604422815554433
-0.0162452233468055,-0.00895900707995633,0.0054284259109024,-0.0201885616531405,0.00227054749322787
-0.00598826790690016,-0.0155885712818082,0.00575031212187744,-0.0274839982150149,-0.00369314434860157
