trend,mean,sd,lower95,upper95
-0.0213500074306795,-0.0252233111778311,0.00654368524122221,-0.0387599554522722,-0.01168666690339
-0.0092683123787736,-0.0141728130286698,0.00237174690241437,-0.0190791453083371,-0.0092664807490025
-0.0206788602271177,-0.0285307162868068,0.00394979313589875,-0.0367014859169646,-0.0203599466566489
-0.011500039449284,-0.0081732636187345,0.00478304111615952,-0.0180677380246251,0.0017212107871561
-0.00923775750388703,-0.00672906542233829,0.00316206768487794,-0.0132703008033212,-0.000187830041355396
-0.010654143476912,-0.00281192012147849,0.00610437738356227,-0.0154397868528545,0.00981594660989751
-0.0158102202518538,-0.00866784708287168,0.00265980308872936,-0.0141700689845878,-0.00316562518115559
-0.00708762817865301,-0.0228736009825454,0.0051756929090263,-0.0335803375079945,-0.0121668644570962
