trend,mean,sd,lower95,upper95
0.747547046348373,0.785698918744899,0.0394287268316681,0.704134382915435,0.867263454574363
0.779782538409599,0.859432782688202,0.0164320009245412,0.825440598921237,0.893424966455167
0.707675999020181,0.762582847115691,0.02306684954982,0.714865433246064,0.810300260985317
0.967830137387867,0.940184303938821,0.0317880360170175,0.874425741311943,1.0059428665657
0.588428735765383,0.686902715054246,0.0210454733343559,0.643366836476259,0.730438593632232
0.55960109703863,0.659801466733969,0.0357878603310075,0.585768637099616,0.733834296368322
0.964266045095899,0.922237193622141,0.0213100547915864,0.878153986599079,0.966320400645203
0.624940477402991,0.631017122728434,0.0304832667843597,0.567957680904535,0.694076564552334
