trend,mean,sd,lower95,upper95
0.742908932550108,0.781643124302088,0.0447186438174304,0.689135561441542,0.874150687162634
0.776151760274951,0.865309093560378,0.0236145808954551,0.816458611074139,0.914159576046617
0.701837445223823,0.760186845832483,0.0294988150346676,0.699163897612674,0.821209794052292
0.969863828901634,0.9470158910979,0.0361178101420132,0.872300508275954,1.02173127391985
0.579027368170858,0.685831158504228,0.0169041341266218,0.650862292795647,0.720800024212808
0.549326243677645,0.658211658136904,0.0325725675160532,0.590830168453933,0.725593147819876
0.966179693937924,0.921270638500172,0.0374271143501061,0.843846753563801,0.998694523436543
0.61664646408408,0.642077440625341,0.0318552206864477,0.576179895920743,0.707974985329939
