trend,mean,sd,lower95,upper95
-0.0212370451341157,-0.0246247334217438,0.0072047617951511,-0.0395289187405395,-0.00972054810294806
-0.00835384862892432,-0.0124321981612636,0.0038387568062242,-0.0203732716430072,-0.00449112467952002
-0.0201609849334516,-0.026537366402012,0.00548772567699311,-0.0378895918876158,-0.0151851409164082
-0.0124118162717326,-0.00804625812581658,0.00465290625927343,-0.017671528069629,0.00157901181799582
-0.00666528302844933,-0.00756271375808961,0.00285494936209928,-0.0134686264833573,-0.00165680103282193
-0.00795895345842983,-0.00267530925973199,0.00466618601484381,-0.0123280504709696,0.00697743195150558
-0.0170765844733102,-0.00915343755227659,0.00561540763857128,-0.0207697932994123,0.00246291819485915
-0.00463872785155952,-0.0176811841351325,0.00489859281170214,-0.0278146954354042,-0.00754767283486081
