trend,mean,sd,lower95,upper95
0.750643914990655,0.78337320573034,0.0413295551293511,0.697876506976774,0.868869904483905
0.790750107156616,0.851452543741256,0.0130985906343435,0.824356044539758,0.878549042942755
0.710948490808633,0.75676441575678,0.0236766362425593,0.707785562004486,0.805743269509073
0.978562000039759,0.941086795822905,0.0306921063590121,0.877595336423544,1.00457825522227
0.598214159751862,0.684687611921594,0.0191178078246189,0.645139413270667,0.724235810572521
0.568306523626831,0.652079906999219,0.0382284224963692,0.57299838986779,0.731161424130648
0.972239843356516,0.927234727873357,0.0172707590928002,0.891507440638322,0.962962015108392
0.6363198575252,0.641170437765479,0.0318054010961231,0.575375952735554,0.706964922795405
