trend,mean,sd,lower95,upper95
-0.0220686545240247,-0.0254585220449076,0.00616606847648552,-0.0382140065251543,-0.0127030375646608
-0.00829781329369415,-0.0123120033940249,0.0031530003287024,-0.0188344815196489,-0.00578952526840096
-0.0212371037701324,-0.0280300211710299,0.00399771602064276,-0.0362999268414267,-0.0197601155006331
-0.0111515498203445,-0.00785977221523004,0.00501209989725947,-0.0182280908118764,0.00250854638141629
-0.00795709707362712,-0.00675580386079054,0.00385270906459701,-0.0147257397879996,0.00121413206641852
-0.00953148408093436,-0.00157497794428445,0.00554287810617813,-0.013041294922255,0.00989133903368607
-0.0160770193184366,-0.0085805823930337,0.00386153698202541,-0.0165687802588152,-0.000592384527252235
-0.00555553182510724,-0.0213927543562808,0.00492398940445551,-0.0315788025114305,-0.0112067062011312
