trend,mean,sd,lower95,upper95
0.744533635440533,0.781793440652834,0.0451809647107267,0.688329494157915,0.875257387147754
0.776062645626803,0.864685929231014,0.0239199010423788,0.815203843899227,0.914168014562802
0.703553630571019,0.760041332077577,0.0298454884380017,0.698301235283631,0.821781428871523
0.969221966624853,0.946628901373986,0.0366345986190861,0.870844460135967,1.02241334261201
0.579791740887178,0.68519238070334,0.0189780520862743,0.64593328882414,0.724451472582541
0.550403776663308,0.659175046733748,0.0333101175522042,0.590267818555428,0.728082274912069
0.966113679903267,0.921454988144974,0.0377341970858507,0.843395854170276,0.999514122119671
0.616967933350014,0.62930735989686,0.0278504930944864,0.571694225403027,0.686920494390692
