trend,mean,sd,lower95,upper95
-0.0212631589306657,-0.0258975344837066,0.00640894352770778,-0.0391554442870452,-0.012639624680368
-0.00976897549198299,-0.0126138727762436,0.0039270452001282,-0.0207375847159484,-0.00449016083653878
-0.0204473530138791,-0.0282837966482201,0.00438431608158833,-0.0373534454768804,-0.0192141478195598
-0.0127177715047057,-0.00815739522366264,0.00487286550847666,-0.0182376855423214,0.00192289509499608
-0.0089252358005266,-0.00690691457519213,0.00333084556056478,-0.013797293593185,-1.65355571992909e-05
-0.0101661490376222,-0.00152909096315828,0.00494035543683889,-0.0117489948357502,0.00869081290943361
-0.0168521282295133,-0.00888408579572266,0.0057216754608996,-0.0207202732822605,0.00295210169081521
-0.00701062901051643,-0.022105040641661,0.00434924981030117,-0.0311021493613541,-0.0131079319219679
