trend,mean,sd,lower95,upper95
0.736618644856303,0.783607214462777,0.0381796804922483,0.70462652784912,0.862587901076434
0.782703284786774,0.86521958781771,0.017957651290705,0.828071355809942,0.902367819825478
0.695793465616523,0.760941240402831,0.0229931906058425,0.713376201668239,0.808506279137423
0.97621814897044,0.94617164260951,0.0309439999952682,0.882159101522491,1.01018418369653
0.583465214741367,0.672719510173767,0.0232301270540532,0.624664331052398,0.720774689295135
0.551977776905653,0.65197330839852,0.0320185185481867,0.58573795632947,0.71820866046757
0.968041628722468,0.926200484340292,0.024080482813824,0.876386210304909,0.976014758375674
0.62371472833976,0.632882987030377,0.0285779746304653,0.573764942320702,0.692001031740052
