trend,mean,sd,lower95,upper95
9.18798551975154,10.943197219394,1.13771508631447,8.58965424760098,13.296740191187
10.6573380347229,10.5317284289704,0.457245353594081,9.58584434842929,11.4776125095116
8.01018731149736,10.0433648028156,0.834258780375581,8.31756902773274,11.7691605778985
16.2505437291668,17.0884102579491,0.820926204217498,15.3901950180021,18.786625497896
4.87402365117495,1.28240018399188,0.406727052843991,0.441021170762844,2.12377919722091
3.94455588858146,0.737247602544394,0.737469928326445,-0.788325177143296,2.26282038223208
15.9662511199876,14.9196975193549,0.788245125608214,13.2890882413897,16.55030679732
6.06583463895747,3.66791272915805,0.674260684126977,2.27309823353242,5.06272722478367
