trend,mean,sd,lower95,upper95
8.93835867298578,9.97904198799,1.17353733635003,7.55139504603861,12.4066889299414
10.9196448714454,10.8284446442873,0.819257003294312,9.13368240953339,12.5232068790412
7.65428579662223,8.80209976125853,1.0424456179946,6.645636700146,10.958562822371
17.0455907670025,17.1171382941017,1.08308819085428,14.876599665336,19.3576769228674
4.51862047916422,3.07750190543423,0.905376898642523,1.20458709375977,4.95041671710868
3.44814238810971,2.13212038287185,0.910516248841691,0.24857401529528,4.01566675044842
16.6043253347346,15.9386590906315,0.983823032029102,13.9034660881189,17.973852093144
5.90104867656443,4.82099661504084,1.00347540451089,2.74514958263106,6.89684364745063
