trend,mean,sd,lower95,upper95
112.915819892701,131.671593502397,7.36268610429837,116.440716859613,146.90247014518
130.752394769791,136.740126114599,3.23467142685375,130.048698450233,143.431553778965
102.381873033126,122.056553118664,5.22557411672368,111.246629453295,132.866476784033
181.123930444702,180.231829697349,5.66195474840573,168.519183917211,191.944475477487
77.8412493067831,41.6676752544999,2.01132333540661,37.5069359296976,45.8284145793022
68.8210828420922,36.3151810891493,4.09539817649173,27.8432044836534,44.7871576946452
176.955998398716,163.759575890847,5.43971565998464,152.506666692304,175.012485089389
89.5287377655656,61.3087048971135,3.41630713169627,54.2415351496012,68.3758746446259
