trend,mean,sd,lower95,upper95
8.83647528580468,11.1747272407369,1.12231353611015,8.85304480298628,13.4964096784874
10.8617952578788,10.8022249200961,0.428341873278501,9.91613224407736,11.6883175961148
7.60992371741631,10.5529976983009,0.687083465615872,9.13165725816157,11.9743381384403
16.7231440634672,17.3048953405317,0.803919982418984,15.6418601507327,18.9679305303307
4.71395220068761,1.45445233805913,0.545031793785877,0.326968169923626,2.58193650619463
3.67142503908756,1.38587760556817,1.03314290351179,-0.751341324431924,3.52309653556826
16.2556783501645,14.9685770457603,0.439136671280253,14.0601536287023,15.8770004628183
6.06353366716622,3.60185578873146,0.895006067982943,1.75039467482731,5.4533169026356
