trend,mean,sd,lower95,upper95
106.083304938468,149.701699131476,8.95194129873462,131.183197635824,168.220200627128
176.340656031095,174.151574119533,3.33929761779493,167.243710689027,181.059437550039
91.718479565843,136.727880983159,5.04280763578434,126.296038589514,147.159723376803
248.427993639126,236.923854896834,6.07825366860144,224.350029187224,249.497680606444
92.5785650523723,33.2421039509971,3.76781088870264,25.4477932814627,41.0364146205316
73.3588303181742,31.7951851852618,6.71197914648199,17.9103984429179,45.6799719276057
226.843225260099,212.347048720813,2.44063428569381,207.298212031462,217.395885410163
118.576037433658,94.8585527133492,7.28956539678888,79.7789377786346,109.938167648064
