trend,mean,sd,lower95,upper95
109.339321438554,134.881147822732,5.25434624887601,124.011704467218,145.750591178246
130.703304813193,136.400858933228,1.99523405931364,132.273402811862,140.528315054595
98.5366149674332,127.392076106542,2.8665128974197,121.462242385931,133.321909827154
182.587226392664,181.564372713043,3.7621019348948,173.78187191425,189.346873511835
75.665743518904,42.0058795108834,2.14024117457916,37.5784533169581,46.4333057048088
65.9526444785163,39.3651827665876,3.64925269868208,31.8161283991166,46.9142371340585
177.249401928862,162.402475824503,1.31634009322407,159.679418872756,165.125532776251
88.3242645780464,61.0816080194082,4.36384476654356,52.0543073324105,70.1089087064059
