trend,mean,sd,lower95,upper95
103.335337999411,131.574709507612,6.28727203090203,118.568496372112,144.580922643112
131.375210678732,138.875201762475,1.91899648964887,134.905455069796,142.844948455155
93.0745064461384,125.373801398248,3.46402816969031,118.207913162312,132.539689634184
181.229572339927,181.516686519437,4.20573923148029,172.816452050797,190.216920988076
77.1403876186751,43.0322612687393,2.59663676138248,37.6607088708115,48.403813666667
66.747473006746,41.0193030745733,5.20330498512665,30.2554466177597,51.7831595313869
173.477526549945,161.143814879888,1.94455910031378,157.121187898115,165.166441861662
90.8606559872505,59.9150927120757,4.78138487649521,50.0240444989713,69.8061409251801
