trend,mean,sd,lower95,upper95
8.60018395419245,12.3586831192866,1.01486046349668,10.2592842979608,14.4580819406124
16.2407989069393,15.5417590687124,0.439822525087099,14.6319168549573,16.4516012824676
6.90696175605942,10.42191111148,0.593205669312563,9.19477168911287,11.6490505338472
24.6905418757335,24.2503455998982,0.697303267282795,22.8078638892636,25.6928273105328
6.52947752432538,1.09614851620266,0.449486854480304,0.166314113898664,2.02598291850666
4.36052166274951,0.892288542980393,0.7053785408524,-0.566898143780209,2.35147522974099
22.3681168100529,21.5039424763544,0.258819604604418,20.9685333315639,22.039351621145
9.45353349867392,7.01014030163415,0.882208000698411,5.1851540070168,8.83512659625149
