trend,mean,sd,lower95,upper95
9.0860715721775,11.3199274883362,1.03696314691204,9.17480578275249,13.4650491939198
10.7630315438668,10.6031170995725,0.421313699496428,9.73156330873544,11.4746708904096
7.87573496157944,10.730044563829,0.61515594452763,9.4574975375874,12.0025915900706
16.5231097884152,17.2576536518622,0.690411628557399,15.8294283821251,18.6858789215993
4.77773571398659,1.37084775431529,0.465947033730593,0.406962876936319,2.33473263169426
3.79743213085982,1.10264824930448,0.813929593129378,-0.58109339786789,2.78638989647684
16.173147573441,14.9438637483113,0.304634860274769,14.313678526205,15.5740489704177
6.03904845456206,3.56111531901685,0.853603760262884,1.79530140406672,5.32692923396698
