trend,mean,sd,lower95,upper95
107.12133066828,130.327146920473,7.17659140447169,115.481236494744,145.173057346201
133.285022280297,135.388572459225,3.97905919047662,127.157261382538,143.619883535912
97.7006598030168,121.525747623301,5.03745918315757,111.104969346887,131.946525899716
179.088333008339,181.120755336961,6.15154488962791,168.395315185197,193.846195488724
83.3848888612057,41.6063166240395,1.6684298442197,38.1549065293441,45.0577267187348
73.7797240790081,36.3475882673074,3.42897810086822,29.2542066229861,43.4409699116287
171.825727701889,160.47918653802,5.09062156114355,149.948433503797,171.009939572243
96.0736585029911,61.8683620590534,3.04444592992219,55.5704458166106,68.1662783014962
