trend,mean,sd,lower95,upper95
105.697882967583,123.846057307503,11.6576569918435,99.730356451671,147.961758163335
131.47607207974,135.348718619714,7.63060548652567,119.563608507907,151.133828731521
94.8296743739041,114.127331077795,10.0456205354312,93.3463817057933,134.908280449797
183.991476379537,183.735885413538,10.7131389703799,161.574068950985,205.897701876092
75.0219442219078,55.6112090617393,8.45344602615881,38.1239236054592,73.0984945180194
64.604537244864,46.1348855703477,8.43639176895171,28.6828795330291,63.5868916076663
177.13805786656,168.126102846448,9.20164067904711,149.091058827395,187.1611468655
88.6955635020543,74.5092188719668,9.62576021743975,54.5968167420911,94.4216210018424
