trend,mean,sd,lower95,upper95
8.93276240134248,10.890404017355,1.04841704229902,8.72158812391011,13.0592199107999
11.0012934165157,10.4814431850674,0.634247486171172,9.16940229591025,11.7934840742245
7.76923865486865,9.9888693626516,0.759321332494087,8.41809350943417,11.559645215869
16.5723426505378,17.187704229406,0.867536433317595,15.3930683843077,18.9823400745042
5.13214199482731,1.30619985432648,0.33327948155516,0.616758718410884,1.99564099024208
4.12100040703879,0.797311276059978,0.631789418924648,-0.509644713580724,2.10426726570068
16.0779125434379,14.9043589317216,0.732330267671813,13.3894183501621,16.4192995132811
6.4446289712045,3.59692150163616,0.596139796573413,2.3637123745809,4.83013062869141
