qv,theta
-2.33578416199889,7.45566106254701
-3.05083541327622,13.9014587263111
-4.89742289265851,10.8559831021586
-6.14545819308842,17.3173183467705
-5.70990980282659,4.974338585441
-8.04412341640564,11.5962415563641
-1.94339379816083,15.6205511136679
-8.36753240190446,18.3939802363981
-1.46549680279568,7.3557292096084
-5.18731324563269,12.6667055459693
-8.73611099808477,6.37329461055342
-3.94020833896939,4.53954336869065
-0.7563624638482,13.3945302240318
-6.66951930555515,8.47040507739876
-4.28235961147584,17.1741834512446
-3.28404346886091,9.98147628179286
-1.07049765614793,19.7177140061976
-7.07582634722348,2.51694812350906
-0.0193591799936257,3.06087388747837
-7.36206362571102,14.8507136513479
