qv,theta
-7.40285583335208,18.9770285527588
-2.85454002455975,7.83571862036895
-7.85291994657434,17.8562473580075
-0.422387341511369,12.2307603809583
-6.07205809646985,5.50144031828469
-7.02777993032942,6.50583702206079
-1.91115244904566,16.3010562029335
-4.74351943007371,3.88939371625228
